Date,Country,Category,Description,Links,,,,,,,,
24-Apr-26,European Union,Crticial minerals,"US-EU critical minerals action plan announced: The US Trade Representative announces an action plan with the European Union for critical minerals that would explore the feasibility of potential policies and trade measures, such as reference prices, price floors, standards-based markets, price gap subsidies, and offtake-agreements.","Ambassador Jamieson Greer Announces United States-European Union Action Plan for Critical Minerals Supply Chain Resilience
",UNITED STATES-EUROPEAN UNION ACTION PLAN  FOR CRITICAL MINERALS SUPPLY CHAIN RESILIENCE ,,,,,,,
,,Deal,,,,,,,,,,
2-Apr-26,European Union,Pharmaceuticals,"Tariffs on pharmaceuticals, more information on deal with UK: The White House issues a proclamation and fact sheet imposing Section 232 tariffs on patented pharmaceuticals and their ingredients, including a 100 percent tariff, with implementation in 120 days for large companies and 180 days for smaller companies. Products from the European Union, Japan, Korea, Switzerland, and Liechtenstein face 15 percent tariffs, while lower rates apply to the United Kingdom under a recent agreement. Companies entering most favored nation pricing and onshoring agreements may receive a 0 percent tariff through January 20, 2029, while those with only onshoring agreements face 20 percent tariffs. Generic pharmaceuticals are excluded, and certain specialty drugs are exempt.",ADJUSTING IMPORTS OF PHARMACEUTICALS AND PHARMACEUTICAL INGREDIENTS INTO THE UNITED STATES ,Fact Sheet: President Donald J. Trump Bolsters National Security and Strengthens U.S. Supply Chains by Imposing Tariffs on Patented Pharmaceutical Products ,Successful Conclusion of the United States–United Kingdom Arrangement on Pharmaceutical Pricing ,,,,,,
,Japan,,,,,,,,,,,
,South Korea,,,,,,,,,,,
,Switzerland,Deal,,,,,,,,,,
,Liechtenstein,,,,,,,,,,,
,United Kingdom,,,,,,,,,,,
2-Apr-26,World,Steel,"Adjustments to tariffs on steel, aluminum, and copper: The White House issues a proclamation and fact sheet establishing new rules for Section 232 metals tariffs. Articles made entirely or almost entirely of aluminum, steel, or copper will pay a flat 50 percent on their full value, while derivative articles will pay 25 percent. Certain industrial and grid equipment will pay 15 percent through 2027, products made entirely with US metals will pay 10 percent, and products with 15 percent or less metal content will no longer be subject to tariffs. See also: Federal Register notice.","STRENGTHENING ACTIONS TAKEN TO ADJUST IMPORTS OF ALUMINUM, STEEL, AND COPPER INTO THE UNITED STATES ","Fact Sheet: President Donald J. Trump Strengthens Tariffs on Steel, Aluminum, and Copper Imports ","Strengthening Actions Taken To Adjust Imports of Aluminum, Steel, and Copper Into the United States ",,,,,,
,,Aluminium ,,,,,,,,,,
,,Copper,,,,,,,,,,
19-Mar-26,Japan,Crticial minerals,US announces critical minerals effort with Japan: The US Trade Representative announces an action plan on critical minerals with Japan. ,Ambassador Jamieson Greer Announces U.S.-Japan Action Plan on Critical Minerals ,UNITED STATES-JAPAN ACTION PLAN  FOR CRITICAL MINERALS SUPPLY CHAIN RESILIENCE ,,,,,,,
,,Deal,,,,,,,,,,
13-Mar-26,Ecuador,Trade Deficits,More details on the US-Ecuador trade deal: The US Trade Representative signs the US-Ecuador Agreement on Reciprocal Trade and releases its text.,Ambassador Greer Signs the United States-Ecuador Agreement on Reciprocal Trade ,AGREEMENT BETWEEN THE UNITED STATES OF AMERICA AND THE  REPUBLIC OF ECUADOR ON RECIPROCAL TRADE ,,,,,,,
,,Deal,,,,,,,,,,
12-Mar-26,World (60 countries),Forced labor,USTR launches investigations into forced labor practices: The US Trade Representative announces Section 301 investigations into 60 economies over alleged failures to prohibit and effectively enforce bans on imports of goods produced with forced labor that may burden or restrict US commerce. See also: Federal Register notice.,USTR Initiates 60 Section 301 Investigations Relating to Failures to Take Action on Forced Labor ,"Initiation of Section 301 Investigations of Acts, Policies, and Practices of Various Economies Related to the Failure To Impose and Effectively Enforce a Prohibition on the Importation of Goods Produced With Forced Labor
",,,,,,,
11-Mar-26,World (16 countries),Excess capacity,USTR launches investigations into structural excess capacity: The US Trade Representative announces Section 301 investigations into 16 economies over alleged structural excess capacity and production in manufacturing sectors that may burden or restrict US commerce. See also: Federal Register notice.,USTR Initiates Section 301 Investigations Relating to Structural Excess Capacity and Production in Manufacturing Sectors ,"Initiation of Section 301 Investigations: Acts, Policies, and Practices of Certain Economies Relating to Structural Excess Capacity and Production in Manufacturing Sectors
",,,,,,,
20-Feb-26,World,Section 122,"White House announces new 10 percent tariff under Section 122: The White House issues a proclamation and a fact sheet indicating it is imposing a 10 percent temporary surcharge on imports as of February 24, 2026, for 150 days under Section 122 of the Trade Act of 1974. The announcement also includes a list of excluded products.
",Imposing a Temporary Import Surcharge To Address Fundamental International Payments Problems ,"Fact Sheet: President Donald J. Trump Imposes a Temporary Import Duty to Address Fundamental International Payment Problems
",,,,,,,
20-Feb-26,World,Fentanyl and Immigration,White House continues suspension of de minimis treatment: The White House issues an executive order clarifying its intent to continue the suspension of the the de minimis exemption granting zero tariffs to low value shipments from all countries.,Continuing the Suspension of Duty-Free De Minimis Treatment for All Countries ,,,,,,,,
,,Trade Deficits,,,,,,,,,,
20-Feb-26,World,Fentanyl and Immigration,"White House ends certain tariff actions: The White House issues an executive order ending any tariffs imposed under Trump’s use of the International Emergency Economic Powers Act (IEEPA) on imports from Canada, Mexico, and China (to address fentanyl and border security) and from the world (to address trade deficits), and to address sanctions on countries named in IEEPA announcements (Brazil, Cuba, Russia, and Venezuela).",Ending Certain Tariff Actions ,,,,,,,,
,Canada,Trade Deficits,,,,,,,,,,
,Mexico,Brazil Sanctions,,,,,,,,,,
,China,Cuba Sanctions,,,,,,,,,,
,India,Russia Sanctions,,,,,,,,,,
,Brazil,Venezuela Sanctions ,,,,,,,,,,
20-Feb-26,World,Fentanyl and Immigration,"The Supreme Court rules against Trump’s IEEPA tariffs: The Supreme Court releases an opinion that states Trump’s use of the International Emergency Economic Powers Act (IEEPA) on imports from Canada, Mexico, and China (to address fentanyl and border security) and from the world (to address trade deficits) “does not authorize the President to impose tariffs.” The judgment in No. 24–1287 is vacated, and the case is remanded with instructions to dismiss for lack of jurisdiction.
","LEARNING RESOURCES, INC., ET AL. v. TRUMP, PRESIDENT OF THE UNITED STATES, ET AL. ",,,,,,,,
,Canada,,,,,,,,,,,
,Mexico,Trade Deficits,,,,,,,,,,
,China,,,,,,,,,,,
19-Feb-26,Indonesia,Trade Deficits,"More details on the US-Indonesia trade deal: President Trump meets with President  Prabowo Subianto of Indonesia, and the White House announces the Agreement on Reciprocal Trade with Indonesia and issues an additional fact sheet. The US Trade Representative (USTR) releases the agreement’s text and Indonesia’s tariff schedule. ","Implementation of the Agreement
Toward a NEW GOLDEN AGE for the U.S.-Indonesian Alliance",Fact Sheet: Trump Administration Finalizes Trade Deal with Indonesia ,AGREEMENT BETWEEN THE UNITED STATES OF AMERICA AND THE REPUBLIC OF INDONESIA ON RECIPROCAL TRADE ,Tariff Schedule,,,,,
,,Deal,,,,,,,,,,
12-Feb-26,Taiwan,Trade Deficits,"More details on the US-Taiwan trade deal: The US Trade Representative (USTR) and Secretary of Commerce attended the signing of the US-Taiwan Agreement on Reciprocal Trade and released its text, Taiwan’s tariff schedule, and an additional fact sheet. ",Ambassador Greer Oversees Signing of U.S.-Taiwan Agreement on Reciprocal Trade ,AGREEMENT BETWEEN THE AMERICAN INSTITUTE IN TAIWAN AND THE TAIPEI ECONOMIC AND CULTURAL REPRESENTATIVE OFFICE IN THE UNITED STATES ON RECIPROCAL TRADE BETWEEN  THE UNITED STATES OF AMERICA AND TAIWAN ,Tariff Schedule,"Fact Sheet on U.S.-Taiwan Agreement on Reciprocal Trade
",,,,,
,,Deal,,,,,,,,,,
12-Feb-26,North Macedonia,Trade Deficits,"US–North Macedonia trade deal: The White House and North Macedonia issue a joint statement on a framework for a US–North Macedonia agreement on reciprocal, fair, and balanced trade. The US Trade Representative (USTR) issues a statement and a fact sheet.","JOINT STATEMENT ON A FRAMEWORK FOR UNITED STATES-NORTH MACEDONIA AGREEMENT ON RECIPROCAL, FAIR, AND BALANCED TRADE
","Ambassador Greer Issues Statement on Framework for Agreement on Reciprocal Trade with North Macedonia
","Fact Sheet: The United States and North Macedonia Reach a Framework for Agreement on Reciprocal Trade
",,,,,,
,,Deal,,,,,,,,,,
9-Feb-25,Bangladesh,Trade Deficits,"US-Bangladesh trade deal: The White House and Bangladesh issue a joint statement about the US-Bangladesh agreement on reciprocal trade, including a reduction of the US tariff facing imports from Bangladesh of 19 percent. The US Trade Representative (USTR) signs the agreement, and releases its text and Bangladesh’s tariff schedule.","JOINT STATEMENT ON
UNITED STATES – BANGLADESH AGREEMENT ON RECIPROCAL TRADE",AGREEMENT BETWEEN THE UNITED STATES OF AMERICA AND THE PEOPLE’S REPUBLIC OF BANGLADESH ON RECIPROCAL TRADE ,Tariff Schedule of Bangladesh,,,,,,
,,Deal,,,,,,,,,,
6-Feb-26,India,Trade Deficits,"US-India deal: The White House releases a joint statement, executive order, and fact sheet announcing  a trade deal with India. US imports from India will be subject to an 18 percent tariff under the trade deficits executive order of April 2, 2025; the additional 25 percent tariff imposed on August 6, 2025, for India purchasing Russian oil is terminated as of February 7. India releases its version of the agreement on February 9.",UNITED STATES-INDIA JOINT STATEMENT ,"MODIFYING DUTIES TO ADDRESS THREATS TO THE UNITED STATES
BY THE GOVERNMENT OF THE RUSSIAN FEDERATION",Fact Sheet: The United States and India Announce Historic Trade Deal,"India Achieves Landmark Trade Victory, Unlocks $30-Trillion U.S. Market for Exports Across Key Sectors ",,,,,
,,Russia Sanctions,,,,,,,,,,
,,Deal,,,,,,,,,,
5-Feb-26,Argentina,Trade Deficits,More details on the US-Argentina trade deal: The US Trade Representative (USTR) signs the US–Argentina Agreement on Reciprocal Trade and Investment and releases its text and Argentina’s tariff schedule. ,Ambassador Greer Signs the United States–Argentina Agreement on Reciprocal Trade and Investment ,UNITED STATES OF AMERICA – ARGENTINE REPUBLIC AGREEMENT ON RECIPROCAL TRADE AND INVESTMENT ,Tariff Schedule of Argentina,,,,,,
,,Deal,,,,,,,,,,
4-Feb-25,Mexico,Critical Minerals,"US announces critical mineral efforts with Mexico, EU, and Japan: In separate actions on critical minerals, the US Trade Representative (USTR) announces an action plan with Mexico as well as cooperation in the form of a joint statement with the European Union and Japan.",Ambassador Jamieson Greer Announces U.S.-Mexico Action Plan on Critical Minerals ,UNITED STATES-MEXICO  CRITICAL MINERALS ACTION PLAN  ,"Ambassador Jamieson Greer Announces Critical Minerals Cooperation with the European Union and Japan
",Joint Press Statement  European Commission – United States of America – Japan  ,,,,,
,European Union,,,,,,,,,,,
,Japan,,,,,,,,,,,
3-Feb-26,,,"Trump reauthorizes AGOA through end of 2026: Trump signs into law legislation that reauthorizes the African Growth and Opportunity Act (AGOA) trade preference program through December 31, 2026, effective retroactively to September 30, 2025.",Statement from Ambassador Jamieson Greer on the Reauthorization of the African Growth and Opportunity Act ,,,,,,,,
31-Jan-26,Guatemala,Trade Deficits,More details on the US-Guatemala trade deal: The US Trade Representative (USTR) signs the US-Guatemala Agreement on Reciprocal Trade and releases its text.  ,Ambassador Greer Signs the United States-Guatemala Agreement on Reciprocal Trade ,AGREEMENT BETWEEN THE UNITED STATES OF AMERICA AND  THE REPUBLIC OF GUATEMALA ON RECIPROCAL TRADE ,,,,,,,
,,Deal,,,,,,,,,,
29-Jan-26,El Salvador,Trade Deficits,More details on the US-El Salvador trade deal: The US Trade Representative (USTR) signs the US–El Salvador Agreement on Reciprocal Trade and releases its text. ,Ambassador Greer Signs the U.S.–El Salvador Agreement on Reciprocal Trade ,AGREEMENT BETWEEN THE UNITED STATES OF AMERICA AND THE REPUBLIC OF EL SALVADOR ON RECIPROCAL TRADE,,,,,,,
,,Deal,,,,,,,,,,
29-Jan-26,World,Cuba Sanctions,"Tariffs on countries selling oil to Cuba: The White House issues an executive order declaring a national emergency caused by the government of Cuba and, under the International Emergency Economic Powers Act (IEEPA), announcing the president may impose tariffs on countries found selling oil to Cuba, effective January 30, 2026.",Addressing Threats to the United States by the Government of Cuba ,Fact Sheet: President Donald J. Trump Addresses Threats to the United States by the Government of Cuba ,,,,,,,
21-Jan-26,Denmark,,"Trump posts he has a “framework” for a future deal on Greenland: Only days after a post threatening a number of European countries with 10 percent import tariffs if they do not agree to negotiate “the Complete and Total purchase of Greenland,” President Trump posts he has a “framework of a future deal.”

Note: Legal details were unavailable and no other parties announced the deal.
",Truth Social Post 1,Truth Social Post 2,,,,,,,
,Norway,,,,,,,,,,,
,Sweden,,,,,,,,,,,
,France,,,,,,,,,,,
,Germany,,,,,,,,,,,
,United Kingdom,,,,,,,,,,,
,Netherlands,,,,,,,,,,,
,Finland,,,,,,,,,,,
15-Jan-26,Taiwan,Trade Deficits,"US-Taiwan trade deal: The Commerce Department issues a fact sheet announcing details of a US trade agreement with Taiwan. Taiwan would face an import tariff of no higher than 15 percent, with different tariffs applied to semiconductors, generic pharmaceuticals and ingredients, as well as aircraft components. The announcement also describes $250 billion of additional Taiwanese semiconductor and technology investments in the United States, including through Taiwanese government support.",Fact Sheet: Restoring American Semiconductor Manufacturing Leadership Through an Agreement on Trade & Investment with Taiwan ,,,,,,,,
,,Deal,,,,,,,,,,
14-Jan-26,World,Semiconductors ,"Tariffs and exemptions for semiconductors as well as tax on AI chip exports to China: The White House issues a proclamation and fact sheet invoking Section 232 of the Trade Expansion Act of 1962 to impose import tariffs on semiconductors. The announcement exempts semiconductor tariffs for particular end uses in the US, such as data centers. Simultaneously, the Commerce Department publishes a revision to its license review policy for exports of certain artificial intelligence (AI) chips from Nvidia and AMD destined for China. The new policy requires chip testing at a lab in the US; the requirement to import in order to re-export to China allows the US to apply a 25 percent import tariff on those specific chips. (The legal argument is that this is being applied as an import tariff and not a US export tax, the latter of which is inconsistent with Article I, Section 9 of the US Constitution.)","Adjusting Imports of Semiconductors, Semiconductor Manufacturing Equipment, and Their Derivative Products Into the United States ",Fact Sheet: President Donald J. Trump Takes Action on Certain Advanced Computing Chips to Protect America’s Economic and National Security ,Revision to License Review Policy for Advanced Computing Commodities ,"Article I  
Section 9 Powers Denied Congress",,,,,
,China,,,,,,,,,,,
14-Jan-26,World,Critical minerals,New negotiations for critical minerals agreements: The White House issues a proclamation and fact sheet invoking Section 232 of the Trade Expansion Act of 1962 to find imports of processed critical minerals and derivative products (PCMDPs) pose a threat to national security. The proclamation directs the Secretary of Commerce and US Trade Representative to negotiate critical minerals agreements with trading partners that may include price floors and other trade-restricting measures.,ADJUSTING IMPORTS OF PROCESSED CRITICAL MINERALS AND THEIR DERIVATIVE PRODUCTS INTO THE UNITED STATES ,Fact Sheet: President Donald J. Trump Directs Negotiations to Adjust Imports of Processed Critical Minerals and Their Derivative Products into the United States ,,,,,,,
12-Jan-26,Mexico,Fentanyl and Immigration,"The national emergencies continue: The White House announces that the national emergencies announced in 2025 used to justify the tariffs imposed on Mexico, Canada, and China will continue for one year. ",Continuation of the National Emergencies With Respect to the Southern Border of the United States and Cartels and Other Transnational Organizations ,Designating Cartels and Other Organizations as Foreign Terrorist Organizations and Specially Designated Global Terrorists ,Imposing Duties To Address the Situation at Our Southern Border ,Imposing Duties To Address the Flow of Illicit Drugs Across Our Northern Border ,"Imposing Duties To Address the Synthetic Opioid Supply Chain in the People's Republic of China
",,,,
,Canada,,,,,,,,,,,
,China,,,,,,,,,,,
8-Jan-26,China,,"China to reduce subsidies for exports of solar panels, batteries, and other products: The Ministry of Finance and State Taxation Administration announce a reduction in value-added tax rebates for exports of photovoltaics, batteries, and other products, effective April 1, 2026.",关于调整光伏等产品出口退税政策的公告 ,财政部 税务总局关于调整光伏等产品出口退税政策的公告 ,,,,,,,
1-Jan-26,China,,"China makes annual tariff rate adjustments: The State Council Tariff Commission implements changes to its applied tariffs affecting hundreds of products, as part of its ""2026 Tariff Adjustment Plan"" announced on December 26, 2025. China makes other technical adjustments to its schedule of Most Favored Nation (MFN) and preferential tariffs.",统筹国内国际两个大局 扎实推动高质量发展 ,国务院关税税则委员会关于2026年关税调整方案的公告 ,,,,,,,
31-Dec-25,World,Lumber,"Tariff increase for lumber and lumber products delayed for one year: The White House issues a proclamation and fact sheet amending the tariff announcement of September 29, 2025, under Section 232 of the Trade Expansion Act of 1960 to delay for an additional year the increase in the duty rates for upholstered furniture, kitchen cabinets, and vanities that were scheduled to go into effect on January 1, 2026.","AMENDMENTS TO ADJUSTING IMPORTS OF TIMBER, LUMBER, AND THEIR DERIVATIVE PRODUCTS INTO THE UNITED STATES ","Fact Sheet: President Donald J. Trump Adjusts Imports of Timber, Lumber, and Their Derivative Products into the United States
","Adjusting Imports of Timber, Lumber, and Their Derivative Products Into the United States
",,,,,,
29-Dec-25,Israel,Lumber,"US makes technical adjustments to tariff schedule: The White House issues a proclamation making technical adjustments for various reasons to the tariff schedule, including tariffs under its free trade agreements with Israel, Singapore, South Korea, and the African Growth and Opportunity Act, as well as some of the tariffs imposed in 2025 under Section 232 of the Trade Expansion Act of 1962 and under the International Emergency Economic Powers Act (IEEPA). ",To Implement the United States-Israel Agreement on Trade in Agricultural Products and for Other Purposes ,,,,,,,,
,Singapore,,,,,,,,,,,
,Korea,Trucks,,,,,,,,,,
,European Union,,,,,,,,,,,
,World,Trade Deficits,,,,,,,,,,
23-Dec-25,China,Semiconductors,"US finds China targeted semiconductor industry for dominance but delays tariffs: USTR releases a notice regarding its investigation under Section 301 of the Trade Act of 1974 and determines China has targeted the semiconductor industry for dominance with its nonmarket policies. However, it sets an initial tariff on semiconductor imports from China at zero percent and indicates it will increase it to an unspecified rate on June 23, 2027. The investigation was initiated under the Biden administration in December 2024.","Notice of Action: China's Acts, Policies, and Practices Related to Targeting of the Semiconductor Industry for Dominance","Initiation of Section 301 Investigation; Hearing; and Request for Public Comments: China's Acts, Policies, and Practices Related to Targeting of the Semiconductor Industry for Dominance",,,,,,,
1-Dec-25,United Kingdom,Trade Deficits,"US and UK pharmaceuticals deal: USTR and various UK government agencies provide additional details about the pharmaceutical agreement that was part of the original UK-US Economic Prosperity Deal, including a zero percent tariff on US imports from the UK of medicines as well as the UK’s National Health Service paying higher prices for “innovative pharmaceuticals.” ",U.S. Government Announces Agreement in Principle with the United Kingdom on Pharmaceutical Pricing,Landmark UK-US pharmaceuticals deal to safeguard medicines access and drive vital investment for UK patients and businesses,Implementing the General Terms of the United States of America-United Kingdom Economic Prosperity Deal,,,,,,
,,Pharmaceuticals,,,,,,,,,,
,,Deal,,,,,,,,,,
20-Nov-25,Brazil,Brazil Sanctions,"US eliminates tariffs on some agricultural products from Brazil: The White House issues an executive order eliminating the 40 percent duties imposed on imports of some agricultural products from Brazil under the International Emergency Economic Powers Act (IEEPA) as announced July 30, effective November 13.",Modifying the Scope of Tariffs on the Government of Brazil ,,,,,,,,
14-Nov-25,World,Trade Deficits,"US reduces tariffs on some agriculture products: The White House issues an executive order eliminating the duties imposed under the International Emergency Economic Powers Act (IEEPA) announced April 2, 2025, for certain agricultural products including coffee, tea, and bananas.  ",MODIFYING THE SCOPE OF THE RECIPROCAL TARIFF WITH RESPECT TO CERTAIN AGRICULTURAL PRODUCTS ,,,,,,,,
14-Nov-25,Switzerland,Trade Deficits,US deal with Switzerland and Liechtenstein: The White House releases a joint statement and fact sheet announcing the trade deal.,"Joint Statement on a Framework for a United States – Switzerland – Liechtenstein Agreement on Fair, Balanced, and Reciprocal Trade
","Fact Sheet: The United States, Switzerland, and Liechtenstein Reach a Historic Trade Deal ","Implementing Certain Tariff-Related Elements of the Framework for a United States-Switzerland-Liechtenstein Agreement on Fair, Balanced, and Reciprocal Trade",,,,,,
,Liechtenstein,Deal,,,,,,,,,,
13-Nov-25,South Korea,Trade Deficits,"More details on the US-Korea trade deal: The White House releases a joint fact sheet clarifying the trade agreement with Korea announced on July 30, including that US tariffs on imports of Korean autos and auto parts will be 15 percent.","Joint Fact Sheet on President Donald J. Trump’s Meeting
with President Lee Jae Myung",Implementing Certain Tariff-Related Elements of the U.S.-Korea Strategic Trade and Investment Deal,,,,,,,
,,Deal,,,,,,,,,,
13-Nov-25,Argentina,Trade Deficits,"US deals with Argentina, Ecuador, El Salvador, and Guatemala: The White House releases a fact sheet and additional information: Argentina fact sheet, joint statement); Ecuador (fact sheet, joint statement); El Salvador (fact sheet, joint statement); and Guatemala (fact sheet, joint statement).

",Fact Sheet: President Donald J. Trump Announces Historic Trade Deals with Western Hemisphere Trading Partners ,"Fact Sheet: The United States and Argentina Agree to a Framework for an Agreement on Reciprocal Trade and Investment
","JOINT STATEMENT ON FRAMEWORK FOR A UNITED STATES-ARGENTINA
AGREEMENT ON RECIPROCAL TRADE AND INVESTMENT","Fact Sheet: The United States and Ecuador Agree to a Framework for Agreement on Reciprocal Trade
","JOINT STATEMENT ON FRAMEWORK FOR UNITED STATES-ECUADOR AGREEMENT ON RECIPROCAL TRADE
","Fact Sheet: The United States and El Salvador Agree to a Framework for Agreement on Reciprocal Trade
","JOINT STATEMENT ON FRAMEWORK FOR UNITED STATES-EL SALVADOR AGREEMENT ON RECIPROCAL TRADE
","Fact Sheet: The United States and Guatemala Agree to a Framework for Agreement on Reciprocal Trade
","JOINT STATEMENT ON FRAMEWORK FOR UNITED STATES-GUATEMALA AGREEMENT ON RECIPROCAL TRADE
"
,Ecuador,,,,,,,,,,,
,El Salvador,Deal,,,,,,,,,,
,Guatemala,,,,,,,,,,,
10-Nov-25,China,Cranes,"Suspending fees on Chinese ships, tariffs on Chinese cranes: The US Trade Representative issues a formal notice to suspend the fees on Chinese ships and tariffs on Chinese cranes imposed under Section 301 of the Trade Act of 1974 for one year.","Request for Comments on Suspending Section 301 Action for One Year: China's Targeting of the Maritime, Logistics, and Shipbuilding Sectors for Dominance
",,,,,,,,
,,Shipbuilding,,,,,,,,,,
5-Nov-25,China ,Deal,"China releases more details on deal with US: The State Council Tariff Commission issues an announcement reducing the retaliatory tariffs imposed on US exports earlier in 2025, following its announcement of a US-China deal on November 1.",国务院关税税则委员会关于调整对原产于美国的进口商品加征关税措施的公告 ,,,,,,,,
4-Nov-25,China ,Fentanyl and Immigration,"US releases more details on deal with China: The White House issues one executive order clarifying the legal details on changes to US tariffs onimports from China related to the  International Emergency Economic Powers Act (IEEPA) action on fentanyl and a second executive order clarifying the legal details on changes to US tariffs onimports from China related to the IEEPA action on trade deficits, following its announcement of a US-China deal on November 1.",MODIFYING DUTIES ADDRESSING THE SYNTHETIC OPIOID SUPPLY CHAIN IN THE PEOPLE’S REPUBLIC OF CHINA,"MODIFYING RECIPROCAL TARIFF RATES CONSISTENT WITH THE ECONOMIC AND TRADE ARRANGEMENT BETWEEN THE UNITED STATES AND THE PEOPLE’S REPUBLIC OF CHINA
",,,,,,,
,,Trade Deficits,,,,,,,,,,
,,Deal,,,,,,,,,,
1-Nov-25,China,Fentanyl and Immigration,"US-China deal reduces fentanyl tariffs: The White House issues a fact sheet on its economic and trade relations with China, indicating, among other things, it will cut the tariff imposed on China under the International Emergency Economic Powers Act (IEEPA) for fentanyl from 20 to 10 percent effective November 10, 2025, and suspend its actions on Chinese ships taken under Section 301 of the Trade Act of 1974.. In exchange, China has agreed, among other things, to purchase US soybean exports, eliminate the retaliatory tariffs it imposed since March 4, and withdraw its export controls on rare earths and other critical minerals. China’s MOFCOM responds to questions about the deal during a press conference.
",Fact Sheet: President Donald J. Trump Strikes Deal on Economic and Trade Relations with China ,商务部新闻发言人就中美吉隆坡经贸磋商联合安排答记者问 ,,,,,,,
,,Trade Deficits,,,,,,,,,,
,,Deal,,,,,,,,,,
26-Oct-25,Vietnam,Trade Deficits,"US-Vietnam trade deal: The White House and Vietnam issue a joint statement about the US-Vietnam framework agreement on reciprocal, fair, and balanced trade.","JOINT STATEMENT ON A UNITED STATES-VIET NAM FRAMEWORK FOR AN AGREEMENT ON RECIPROCAL, FAIR, AND BALANCED TRADE
",,,,,,,,
,,Deal,,,,,,,,,,
26-Oct-25,Malaysia,Trade Deficits,"US-Malaysia trade deal and critical minerals cooperation: The White House and Malaysia issue a joint statement, and the White House releases the legal text of the agreement between the United States and Malaysia on reciprocal trade, Malaysia’s tariff schedule, as well as a memorandum of understanding on cooperation to diversify global critical minerals supply chains and promote investments.

",JOINT STATEMENT ON UNITED STATES-MALAYSIA AGREEMENT ON RECIPROCAL TRADE ,"AGREEMENT BETWEEN THE UNITED STATES OF AMERICA AND MALAYSIA ON RECIPROCAL TRADE
","MEMORANDUM OF UNDERSTANDING BETWEEN THE GOVERNMENT OF THE UNITED STATES OF AMERICA AND THE GOVERNMENT OF MALAYSIA CONCERNING COOPERATION TO DIVERSIFY GLOBAL CRITICAL MINERALS SUPPLY CHAINS AND PROMOTE INVESTMENTS
",Tariff schedule,,,,,
,,Critical minerals,,,,,,,,,,
,,Deal,,,,,,,,,,
26-Oct-25,Cambodia,Trade Deficits,"US-Cambodia trade deal: The White House and Cambodia issue a joint statement, and the White House releases the legal text of the agreement between the United States  and Cambodia on reciprocal trade as well as Cambodia’s tariff schedule. ",JOINT STATEMENT ON UNITED STATES-CAMBODIA AGREEMENT ON RECIPROCAL TRADE ,"AGREEMENT BETWEEN THE UNITED STATES OF AMERICA AND THE KINGDOM OF CAMBODIA ON RECIPROCAL TRADE
",Tariff schedule,,,,,,
,,Deal,,,,,,,,,,
26-Oct-25,Thailand,Trade Deficits,US-Thailand trade deal and critical minerals cooperation: The White House and Thailand issue a joint statement about the US-Thailand framework agreement on reciprocal trade as well as a memorandum of understanding on cooperation to diversify global critical minerals supply chains and promote investments.,"JOINT STATEMENT ON A FRAMEWORK FOR A UNITED STATES-THAILAND AGREEMENT ON RECIPROCAL TRADE
","MEMORANDUM OF UNDERSTANDING BETWEEN THE GOVERNMENT OF THE UNITED STATES OF AMERICA AND THE GOVERNMENT OF THE KINGDOM OF THAILAND CONCERNING COOPERATION TO DIVERSIFY GLOBAL CRITICAL MINERALS SUPPLY CHAINS AND PROMOTE INVESTMENTS
",,,,,,,
,,Critical minerals,,,,,,,,,,
,,Deal,,,,,,,,,,
20-Oct-25,Australia,Critical minerals,US-Australia framework for critical minerals and rare earths: The White House issues a statement and fact sheet announcing the US-Australia framework for securing the supply of critical minerals and rare earths. ,"United States-Australia Framework
For Securing of Supply in the Mining and Processing of Critical Minerals and Rare Earths","Fact Sheet: President Donald J. Trump Closes Billion-Dollar Deals with Australia
",,,,,,,
,,Deal,,,,,,,,,,
20-Oct-25,Nicaragua,Unfair trade,"Ruling on Nicaragua’s treatment of labor rights, human rights, and the rule of law: The US Trade Representitive releases a report determining that, under Section 301 of the Trade Act of 1974, Nicaragua’s acts, policies, and practices related to abuses of labor rights, human rights, and fundamental freedoms, and dismantling of the rule of law are unreasonable and burden or restrict US commerce. ","USTR Section 301 Determination on Nicaragua’s Acts, Policies, and Practices Relating to Labor Rights, Human Rights and Fundamental Freedoms, and the Rule of Law
",,,,,,,,
17-Oct-25,World,Trucks,"Tariffs on big trucks, buses, and parts: The White House issues a proclamation and fact sheet  invoking Section 232 of the Trade Expansion Act of 1962 to impose tariffs on imports of medium- and heavy-duty vehicles such as trucks, medium- and heavy-duty vehicle parts, and buses on November 1, 2025. There are special rules for products imported from Canada or Mexico under the USMCA.
","Adjusting imports of medium- and heavy-duty vehicles, medium-and heavy-duty vehicle parts, and buses into the United States","Fact Sheet: President Donald J. Trump Addresses the Threat to National Security from Imports of Medium and Heavy-Duty Vehicles, Parts, and Buses",,,,,,,
,Canada,,,,,,,,,,,
,Mexico,,,,,,,,,,,
16-Oct-25,China,Cranes,Fees on Chinese ships and tariffs on Chinese cranes: The US Trade Representative issues a notice to modify the fees on Chinese ships and tariffs on imports of Chinese cranes under Section 301 of the Trade Act of 1974. ,"Notice of Modification and Proposed Modification of Section 301 Action: China's Targeting of the Maritime, Logistics, and Shipbuilding Sectors for Dominance
",,,,,,,,
,,Shipbuilding,,,,,,,,,,
29-Sep-25,World,Lumber,"Tariffs on lumber and lumber products: The White House issues a proclamation and fact sheet invoking Section 232 of the Trade Expansion Act of 1962 to impose import tariffs on timber, wood furniture, cabinets, and other wood products on October 14, 2025. (For some products, the tariff rate is scheduled to further increase on January 1, 2026.) The UK, EU, and Japan received special tariff rates due to the terms of their earlier trade deals.","Adjusting Imports of Timber, Lumber, and Their Derivative Products Into the United States","Fact Sheet: President Donald J. Trump Addresses the Threat to National Security from Imports of Timber, Lumber, and Their Derivative Products
",,,,,,,
,European Union,,,,,,,,,,,
,United Kingdom,,,,,,,,,,,
,Japan,,,,,,,,,,,
26-Sep-25,World,Robotics,Robotics and industrial machinery imports as a national security threat: The Commerce Department files a Federal Register notice indicating the secretary of commerce initiated an investigation on September 2 into whether imports of robotics and industrial machinery pose a threat to US national security under Section 232 of the Trade Expansion Act of 1962.,Notice of Request for Public Comments on Section 232 National Security Investigation of Imports of Robotics and Industrial Machinery,,,,,,,,
,,Deal,,,,,,,,,,
26-Sep-25,World,Medical,"PPE and medical supply imports as a national security threat: The Commerce Department files a Federal Register notice indicating the secretary of commerce initiated an investigation on September 2 into whether imports of personal protective equipment (PPE), medical consumables, and medical equipment including devices pose a threat to US national security under Section 232 of the Trade Expansion Act of 1962.

","Notice of Request for Public Comments on Section 232 National Security Investigation of Imports of Personal Protective Equipment, Medical Consumables, and Medical Equipment, Including Devices",,,,,,,,
25-Sep-25,European Union,Trade Deficits,More details on implementation of the US-EU trade deal: The Commerce Department publishes a Federal Register notice providing more details on its implementation of the US-EU framework agreement for trade.,"Implementing Certain Tariff-Related Elements of the U.S.-EU Framework on an Agreement on Reciprocal, Fair, and Balanced Trade",,,,,,,,
9-Sep-25,World,Wind turbines,Wind turbines and their parts and components as a national security threat: The Commerce Department files a Federal Register notice indicating the secretary of commerce initiated an investigation on August 13 into whether imports of wind turbines and their parts and components pose a threat to US national security under Section 232 of the Trade Expansion Act of 1962. ,Notice of Request for Public Comments on Section 232 National Security Investigation of Imports of Pharmaceuticals and Pharmaceutical Ingredients,,,,,,,,
5-Sep-25,World,Trade Deficits,"More details on tariff coverage and implementation of Trump’s deals: The White House issues an executive order and fact sheet that includes an adjustment to the product coverage of the tariffs first announced on April 2, 2025 and imposed under the International Emergency Economic Powers Act (IEEPA) as well as more details on how the US administration will implement the bilateral trade agreements it is negotiating with partner countries.",Modifying the Scope of Reciprocal Tariffs and Establishing Procedures for Implementing Trade and Security Agreements ,"Fact Sheet: President Donald J. Trump Modifies the Scope of Reciprocal Tariffs and Establishes Procedures for Implementing Trade Deals
",,,,,,,
,,Deal,,,,,,,,,,
4-Sep-25,Japan,Trade Deficits,"More details of the US-Japan trade deal released: The White House releases an executive order clarifying elements of the trade agreement with Japan announced on July 22, including that US tariffs on imports of Japanese autos and auto parts will be 15 percent, effective within 7 days.",Implementing the United States-Japan Agreement,,,,,,,,
,,Deal,,,,,,,,,,
29-Aug-25,Canada,Trade Deficits,"Canada drops some of its retaliatory tariffs, retains others: Following through on a statement that amends and repeals effective September 1 some of the retaliatory tariffs imposed on imports from the United States in April 2025. Canada also publishes an updated list of imports from the United States subject to retaliatory tariffs that remain in place, including for US tariffs on steel, aluminum, and automobiles.",Statement by the Prime Minister on CAN-U.S. trade ,Customs Notice 25-19: United States Surtax Remission Order (2025) ,Complete list of U.S. products subject to counter tariffs ,,,,,,
21-Aug-25,European Union,Trade Deficits,"More details of US-EU trade deal released: The White House and the European Commission release a joint statement on a US-EU framework on an agreement on reciprocal, fair, and balanced trade.","Joint Statement on a United States-European Union Framework on an Agreement on Reciprocal, Fair, and Balanced Trade
","Joint Statement on a United States-European Union framework on an agreement on reciprocal, fair and balanced trade
",,,,,,,
,,Deal,,,,,,,,,,
15-Aug-25,World,Aluminum,"Steel and aluminum tariffs expanded to aerosol cans and more: The Commerce Department announces it will extend steel and aluminum tariffs to 407 more “derivative” products, including empty aerosol cans and many packaged in aerosol cans, including aerosol whipped cream, aerosol Cheez Wiz, spray paint and caulk, and more, effective August 18.",Adoption and Procedures of the Section 232 Steel and Aluminum Tariff Inclusions Process ,,,,,,,,
,,Steel,,,,,,,,,,
11-Aug-25,China,Trade Deficits,"Trump extends China tariff pause for another 90 days: The White House issues an executive order extending the deadline for the administration’s additional April 2 announced tariffs on China until November 10, 2025. (The tariff pause had been set to expire on August 12.)",FURTHER MODIFYING RECIPROCAL TARIFF RATES TO REFLECT ONGOING DISCUSSIONS WITH THE PEOPLE’S REPUBLIC OF CHINA ,,,,,,,,
6-Aug-25,India,Russia Sanctions,Tariffs on India for buying Russian oil: The White House issues an executive order and fact sheet imposing additional 25 percent tariffs on India for purchasing oil from Russia. The additional tariff starts on August 27. This tariff does not apply to the same products excluded from the April 2 executive order (and amendments).,ADDRESSING THREATS TO THE UNITED STATES BY THE GOVERNMENT OF THE RUSSIAN FEDERATION ,"Fact Sheet: President Donald J. Trump Addresses Threats to the United States by the Government of the Russian Federation
","Notice of Implementation of Additional Duties on Products of India Pursuant to the President's Executive Order 14329, Addressing Threats to the United States by the Government of the Russian Federation
",,,,,,
31-Jul-25,World,Trade Deficits,"Tariffs adjusted on nearly all countries: With respect to the “reciprocal” tariffs imposed under the International Emergency Economic Powers Act (IEEPA) announced on April 2, 2025, the 90-day extension for their application on April 9, and the further extension on July 7, the White House issues an executive order and fact sheet further adjusting the rates for countries with which it has and has not concluded a bilateral agreement over the prior month. The tariff modifications go into effect on August 7.","Regulating Imports With a Reciprocal Tariff To Rectify Trade Practices That Contribute to Large and Persistent Annual United States Goods Trade Deficits
","Modifying Reciprocal Tariff Rates To Reflect Trading Partner Retaliation and Alignment
",Extending the Modification of the Reciprocal Tariff Rates ,FURTHER MODIFYING THE RECIPROCAL TARIFF RATES ,"Fact Sheet: President Donald J. Trump Further Modifies the Reciprocal Tariff Rates
",Further Modifying the Reciprocal Tariff Rates ,,,
31-Jul-25,Canada,Fentanyl and Immigration,"Tariffs on Canada increased to 35 percent for USMCA noncompliant goods: The White House issues an executive order increasing the tariffs on imports from Canada to 35 percent for products that do not comply with the USMCA rules of origin, effective August 1, 2025, under the International Emergency Economic Powers Act (IEEPA).","AMENDMENT TO DUTIES TO ADDRESS THE FLOW OF ILLICIT DRUGS ACROSS OUR NORTHERN BORDER
",Amendment to Duties To Address the Flow of Illicit Drugs Across Our Northern Border ,,,,,,,
30-Jul-25,South Korea,Trade Deficits,Trump announces tariff agreement with South Korea on Truth Social: President Trump posts an agreement with South Korea that specifies a 15 percent tariff on goods exported to the United States. Legal details and the timeline for tariff changes under the agreement were not immediately provided.,Truth Social Post,,,,,,,,
,,Deal,,,,,,,,,,
30-Jul-25,World,Copper,"Copper tariffs will begin on August 1: The White House issues a proclamation imposing a 50 percent tariff on imports of copper under Section 232 of the Trade Expansion Act of 1962 effective August 1, 2025.",ADJUSTING IMPORTS OF COPPER INTO THE UNITED STATES ,Adjusting Imports of Copper Into the United States ,,,,,,,
30-Jul-25,World,Fentanyl and Immigration,Duty free treatment for de minimis ends for all countries: The White House issues an executive order and fact sheet suspending the de minimis exemption granting zero tariffs to low value shipments from all countries.,SUSPENDING DUTY-FREE DE MINIMIS TREATMENT FOR ALL COUNTRIES ,"Fact Sheet: President Donald J. Trump is Protecting the United States’ National Security and Economy by Suspending the De Minimis Exemption for Commercial Shipments Globally
","Suspending Duty-Free De Minimis Treatment for All Countries
","Notice of Implementation of the President's Executive Order 14324, Suspending Duty-Free De Minimis Treatment for All Countries
",,,,,
,,Trade Deficits,,,,,,,,,,
30-Jul-25,Brazil,Brazil Sanctions,"Brazil tariffs and a new national emergency: The White House issues an executive order and fact sheet declaring a new national emergency and invoking the International Emergency Economic Powers Act (IEEPA) to impose an additional 40 percent tariff on Brazil starting seven days after the date of this order. The US Department of Treasury also sanctions Brazilian Supreme Federal Court justice Alexandre de Moraes for “politicized prosecutions,” including against former President Jair Bolsonaro.","ADDRESSING THREATS TO THE UNITED STATES BY
THE GOVERNMENT OF BRAZIL","Fact Sheet: President Donald J. Trump Addresses Threats to the United States from the Government of Brazil
","Treasury Sanctions Alexandre de Moraes
",Addressing Threats to the United States by the Government of Brazil,,,,,
27-Jul-25,European Union,Trade Deficits,"Trump, von der Leyen announce US-EU agreement: President Trump and European Commission president Ursula von der Leyen meet in Scotland and announce a trade agreement that includes a 15 percent baseline US import tariff for EU products, including for autos. The next day, the White House and European Commission each issue their own written summaries of elements of the agreement.

Legal details and the timeline for tariff changes under the agreement were not immediately provided.
",President Trump Announces a Trade Deal With the EU ,Fact Sheet: The United States and European Union Reach Massive Trade Deal ,EU-US trade deal explained ,EU-US trade deal explained - energy aspects ,,,,,
,,Deal,,,,,,,,,,
22-Jul-25,Japan,Trade Deficits,"Trump announces tariff agreements with Japan and Philippines on Truth Social: President Trump posts that he has reached tariff agreements with the Philippines and Japan. The next day, the White House publishes a fact sheet for the US-Japan Strategic Trade and Investment Agreement.


Legal details and the timeline for tariff changes under those agreements were not immediately provided.
",Truth Social Post,Truth Social Post Philippines,Truth Social Post Japan,"Fact Sheet: President Donald J. Trump Secures Unprecedented U.S.–Japan Strategic Trade and Investment Agreement
",,,,,
,Philippines,Deal,,,,,,,,,,
22-Jul-25,Indonesia ,Trade Deficits,"More details on Indonesian trade agreement: The White House announces and provides a fact sheetfor a framework for negotiating an agreement on reciprocal trade that will include the US modifying the tariff it announced on April 2, 2025, to 19 percent (previously 32 percent). Among other items, Indonesia “will eliminate approximately 99 percent of tariff barriers” facing US exporters. 

Note: The formal deal was not yet agreed and legal details were unavailable.

","JOINT STATEMENT ON FRAMEWORK FOR UNITED STATES-INDONESIA AGREEMENT ON RECIPROCAL TRADE
",Fact Sheet: The United States and Indonesia Reach Historic Trade Deal ,"Regulating Imports With a Reciprocal Tariff To Rectify Trade Practices That Contribute to Large and Persistent Annual United States Goods Trade Deficits
",,,,,,
,,Deal,,,,,,,,,,
16-Jul-25,World,Polysilicon,Polysilicon imports as a national security threat: The Commerce Department files a Federal Register notice indicating the secretary of commerce initiated an investigation on July 1 into whether imports of polysilicon and its derivatives pose a threat to US national security under Section 232 of the Trade Expansion Act of 1962.,Notice of Request for Public Comments on Section 232 National Security Investigation of Imports of Polysilicon and its Derivatives,,,,,,,,
16-Jul-25,World,Drones,Drone imports as a national security threat: The Commerce Department files a Federal Register notice indicating the secretary of commerce initiated an investigation on July 1 into whether imports of unmanned aircraft systems (UAS) and their parts and components pose a threat to US national security under Section 232 of the Trade Expansion Act of 1962.,Notice of Request for Public Comments on Section 232 National Security Investigation of Imports of Unmanned Aircraft Systems (UAS) and Their Parts and Components,,,,,,,,
15-Jul-25,Brazil,,"Trump administration launches unfair trade investigation of Brazil: The USTR announces that, at the direction of President Trump, it is investigating unfair trade allegations against Brazil related to digital trade and electronic payment services; unfair, preferential tariffs; anti-corruption interference; intellectual property protection; ethanol market access; and that illegal deforestation regulations are unreasonable or discriminatory and burden or restrict US commerce under Section 301 of the Trade Act of 1974.",USTR Announces Initiation of Section 301 Investigation of Brazil’s Unfair Trading Practices ,,,,,,,,
15-Jul-25,Indonesia ,Trade Deficits,Trump announces tariff agreement with Indonesia on Truth Social: President Trump posts an agreement with Indonesia that specifies “a 19% Tariff on all Goods they export to us.” Legal details and the timeline for tariff changes under the agreement were not immediately provided.,Truth Social post,,,,,,,,
,,Deal,,,,,,,,,,
10-Jul-25,World,Trade Deficits,"Trump announces new tariff rates for additional countries on Truth Social: President Trump posts a series of letters sent to countries updating the tariff rates that will be imposed on their exports to the US starting August 1, per the 90-day extension announcement made July 7. Countries include Algeria, Brunei, Iraq, Libya, Moldova, the Philippines, and Sri Lanka. Brazil also received a letter announcing a  50 percent tariff and indicating “The way that Brazil has treated former President Bolsonaro, a Highly Respected Leader throughout the World during his Term, including by the United States, is an international disgrace.”",EXTENDING THE MODIFICATION OF THE RECIPROCAL TARIFF RATES ,Truth Social Post,,,,,,,
,Brazil,,,,,,,,,,,
7-Jul-25,World,Trade Deficits,"Trump delays 90-day deadline, sets new tariff rates for certain countries: With respect to the tariffs announced on April 2, 2025, and 90-day extension for their application on April 9, the White House issued an executive order and fact sheet updating the tariff application deadline to August 1 (from July 9) and declaring new tariff rates for selected countries, including Japan and South Korea.",Regulating Imports With a Reciprocal Tariff To Rectify Trade Practices That Contribute to Large and Persistent Annual United States Goods Trade Deficits ,Modifying Reciprocal Tariff Rates To Reflect Trading Partner Retaliation and Alignment ,EXTENDING THE MODIFICATION OF THE RECIPROCAL TARIFF RATES ,"Fact Sheet: President Donald J. Trump Continues Enforcement of Reciprocal Tariffs and Announces New Tariff Rates
",,,,,
2-Jul-25,Vietnam,Trade Deficits,"Trump announces tariff agreement with Vietnam on Truth Social: President Trump posts an agreement with Vietnam, including “a 20% Tariff on any and all goods sent into our Territory, and a 40% Tariff on any Transshipping.” Legal details and the timeline for tariff changes under the agreement were not immediately provided.
",Truth Social Post,,,,,,,,
,,Deal,,,,,,,,,,
16-Jun-25,World,Steel,"Steel tariffs expanded to appliances and more: The Commerce Department announces it will extend steel tariffs to more “derivative” products, including refrigerators, freezers, washers, dryers, dishwashers, stoves, and more, effective June 23. ",Implementation of Duties on Steel Pursuant to Proclamation 10896 Adjusting Imports of Steel Into the United States ,,,,,,,,
16-Jun-25,United Kingdom,Trade Deficits,"More details on US-UK Economic Prosperity Deal: The White House issues an Executive Order and the UK government later issues a policy paper outlining the general terms of the US-UK Economic Prosperity Deal (EPD) announced May 8, 2025.",Implementing the General Terms of the United States of America-United Kingdom Economic Prosperity Deal,General terms for the United States of America and the United Kingdom of Great Britain and Northern Ireland Economic Prosperity Deal,,,,,,,
,,Deal,,,,,,,,,,
11-Jun-25,China,Fentanyl and Immigration,"Trump announces deal with China on Truth Social;  no legal details provided: After two days of talks between US and Chinese negotiators in London, President Trump posts on Truth Social, “OUR DEAL WITH CHINA IS DONE, SUBJECT TO FINAL APPROVAL WITH PRESIDENT XI AND ME.” No details of any legal agreement are provided and it appears there are no changes in tariffs. Trump also states, “FULL MAGNETS, AND ANY NECESSARY RARE EARTHS, WILL BE SUPPLIED, UP FRONT, BY CHINA,” presumably addressing US concerns over Chinese export restrictions on rare earth minerals announced earlier this year.",Truth Social Post,,,,,,,,
,,Trade Deficits,,,,,,,,,,
,,Retaliation,,,,,,,,,,
,,Deal,,,,,,,,,,
4-Jun-25,World,Aluminum,"Higher steel and aluminum tariffs go into effect: US tariff increase to 50 percent on imports of steel, aluminum, and derivative products announced on June 3 goes into effect. Exports from the United Kingdom are an exception, with a tariff rate that remains at 25 percent. See also Federal Register notice.",Adjusting Imports of Aluminum and Steel Into the United States ,,,,,,,,
,United Kingdom,Steel,,,,,,,,,,
3-Jun-25,World,Aluminum,"Higher steel and aluminum tariffs announced: The White House issues a proclamation and fact sheet to increase the tariffs on imported steel, aluminum, and derivative products to 50 percent effective June 4, 2025, adjusting the Section 232 tariffs on those metals first imposed in March 2018. Tariffs on steel and aluminum imports from the United Kingdom will remain at 25 percent, with possible changes or quotas starting July 9, 2025, depending on the status of the US-UK Economic Prosperity Deal first announced on May 8.",Adjusting Imports of Aluminum and Steel Into the United States ,"Fact Sheet: President Donald J. Trump Increases Section 232 Tariffs on Steel and Aluminum
",,,,,,,
,United Kingdom,Steel,,,,,,,,,,
28-May-25,World,Fentanyl and Immigration,"US Court of International Trade ruling: The Court of International Trade finds that Trump's tariffs imposed under the International Emergency Economic Powers Act (IEEPA) on imports from Canada, Mexico, and China (to address fentanyl and border security) and from the world (to address trade deficits) were beyond the authority granted by IEEPA and therefore ordered their removal. However, the decision is appealed, and the US federal appeals court temporarily stayed that order,, leaving the tariffs imposed under IEEPA in place. (Note: The Court of International Trade decision does not impact tariffs imposed under other legal authorities such as Section 301 or Section 232.)

Read more on the courts.",United States Court of Appeals for the Federal Circuit ,Courts will decide if Trump exceeded his emergency trade authorities ,,,,,,,
,Canada,,,,,,,,,,,
,Mexico,Trade Deficits,,,,,,,,,,
,China,,,,,,,,,,,
13-May-25,World,Aircrafts,"Commercial aircraft, engines, and parts imports as a national security threat: The Commerce Department files a Federal Register notice indicating the secretary of commerce initiated an investigation on May 1 into whether imports of commercial aircraft, engines, and parts pose a threat to US national security under Section 232 of the Trade Expansion Act of 1962.","Notice of Request for Public Comments on Section 232 National Security Investigation of Imports of Commercial Aircraft and Jet Engines and Parts for Commercial Aircraft and Jet Engines
",,,,,,,,
12-May-25,China,Trade Deficits,"China removes certain retaliatory measures against the US: China announces that it is reducing its retaliatory tariffs announced April 4 (and subsequent amendments of April 9 and 11). This resets the additional retaliatory tariff increase on imports from the US from 125 percent to 10 percent, starting May 14, for 90 days while the countries continue negotiating. China also indicates it will take necessary measures to suspend or cancel the non-tariff countermeasures against the US that were announced in response to the US tariffs of April 2, presumably meaning its new export controls and entity listings announced on April 4 and 9.

This decision comes after a meeting between US and Chinese officials in Geneva that also resulted in a joint statement as also issued by China’s Ministry of Commerce (MOFCOM).",国务院关税税则委员会关于调整对原产于美国的进口商品加征关税措施的公告 ,国务院关税税则委员会公布公告调整对原产于美国的进口商品加征关税措施 ,"　　有记者问：中美日内瓦经贸会谈联合声明中提到中方将暂停或取消自2025年4月2日起针对美国的非关税反制措施，请问在不可靠实体清单方面有什么考虑？

",商务部新闻发言人就出口管制管控名单答记者问 ,中美日内瓦经贸会谈联合声明 ,,,,
,,Retaliation,,,,,,,,,,
,,Deal,,,,,,,,,,
12-May-25,China,Trade Deficits,"US lowers certain additional tariffs on China from 125 to 10 percent: The White House issues an executive order modifying the tariff levels announced pursuant to the executive order of April 2 (and subsequent amendments of April 8, 9, and 11). This resets the additional tariff increase on imports from China from 125 percent to 10 percent (subject to carve outs for certain products) for 90 days while the countries continue negotiating. The White House also released two and a fact sheet. This decision comes after a meeting between US and Chinese officials in Geneva that also resulted in a joint statement. The executive order also notes changes to the de minimis program impacting imports from China. The announcements do not impact the tariffs imposed on imports from China earlier under Section 301 or the IEEPA actions over fentanyl and border security imposed on February 4 and March 4. ",MODIFYING RECIPROCAL TARIFF RATES TO REFLECT DISCUSSIONS WITH THE PEOPLE’S REPUBLIC OF CHINA ,U.S. Announces China Trade Deal in Geneva ,"ART OF THE DEAL: U.S., China Ink Initial Trade Deal ",Fact Sheet: President Donald J. Trump Secures a Historic Trade Win for the United States ,Joint Statement on U.S.-China Economic and Trade Meeting in Geneva ,,,,
,,Deal,,,,,,,,,,
8-May-25,United Kingdom,Trade Deficits,"Expected U.S.-UK Economic Prosperity Deal: The White House announces and provides a fact sheet for a future US-UK Economic Prosperity Deal (EPD), which includes the potential for the UK to lower tariffs on US beef, and a US quota of 100,000 vehicles for the UK to export to the US at a tariff rate of 10 percent (and not the 25 percent additional tariff resulting from the Section 232 investigation). 

Note: The formal deal was not yet agreed, legal details were unavailable, and no tariff changes were officially announced.

",General Terms for the United States of America and the United Kingdom of Great Britain and Northern Ireland Economic Prosperity Deal ,Fact Sheet: U.S.-UK Reach Historic Trade Deal ,,,,,,,
,,Deal,,,,,,,,,,
29-Apr-25,World,Aluminum,"Addressing certain tariffs on imported articles affecting the auto sector: The White House issues a proclamation and an executive order to address concerns over stacking of tariffs, to avoid the cumulative effect of overlapping tariffs on certain articles, resulting from its early executive orders (and amendments) involving automobiles, steel, aluminum, and USMCA non-compliant goods. The proclamation includes amendments under Section 232 that make numerous other adjustments to the tariff regime impacting the auto industry’s imports.","AMENDMENTS TO ADJUSTING IMPORTS OF AUTOMOBILES AND AUTOMOBILE PARTS INTO THE UNITED STATES
",ADDRESSING CERTAIN TARIFFS ON IMPORTED ARTICLES ,"AMENDMENTS TO ADJUSTING IMPORTS OF AUTOMOBILES AND AUTOMOBILE PARTS INTO THE UNITED STATES
",,,,,,
,,Autos,,,,,,,,,,
,,Steel,,,,,,,,,,
,,Fentanyl and Immigration,,,,,,,,,,
24-Apr-25,World,Critical minerals,Unleashing America’s offshore critical minerals and resources: The White House issues an executive order seeking to advance US leadership in seabed mineral development.,UNLEASHING AMERICA’S OFFSHORE CRITICAL MINERALS AND RESOURCES ,,,,,,,,
23-Apr-25,World,Trucks,"Truck imports as a national security threat: The Commerce Department files a Federal Register notice indicating the secretary of commerce initiated an investigation on April 22 into whether imports of medium- and heavy-duty trucks, parts, and derivative products pose a threat to US national security under Section 232 of the Trade Expansion Act of 1962.",Notice of Request for Public Comments on Section 232 National Security Investigation of Imports of Trucks,,,,,,,,
17-Apr-25,World,Seafood,"Restoring American seafood competitiveness: The White House issues an executive order indicating it will address unfair trade practices, eliminate unsafe imports, and level the “unfair” playing field that has benefited foreign fishing companies, including by asking USTR to consider a potential unfair trade investigation under Section 301 of the Trade Act of 1974. The White House also issues a separate proclamation and fact sheet about “unleashing American commercial fishing in the Pacific.”",Restoring American Seafood Competitiveness  ,UNLEASHING AMERICAN COMMERCIAL FISHING IN THE PACIFIC ,"Fact Sheet: President Donald J. Trump Unleashes American Commercial Fishing in the Pacific
",,,,,,
17-Apr-25,China,Cranes,"Measures to Address China’s Targeting of the Maritime, Logistics, and Shipbuilding Sectors for Dominance: The USTR announces it is taking action after an investigation, initiated under the Biden administration, under Section 301 of the Trade Act of 1974, to restore American shipbuilding and address China’s actions to dominate the maritime, logistics, and shipbuilding sectors. USTR actions include phased-in fees on operators of Chinese-built ships, fees on foreign-built car carrier vessels, and restrictions on transporting liquefied natural gas (LNG) via foreign vessels. USTR also seeks public comments on proposed tariffs on ship-to-shore cranes and other cargo-handling equipment. See also: Federal Register notice.","USTR Section 301 Action on China’s Targeting of the Maritime, Logistics, and Shipbuilding Sectors for Dominance
","Section 301-China-Targeting the Maritime, Logistics, and Shipbuilding Sectors for Dominance
","Notice of Action and Proposed Action in Section 301 Investigation of China's Targeting the Maritime, Logistics, and Shipbuilding Sectors for Dominance, Request for Comments
",,,,,,
,,Shipbuilding,,,,,,,,,,
15-Apr-25,World,Critical minerals,"Critical mineral and rare earth imports as a national security threat: The White House issues a fact sheet and executive order requesting the Department of Commerce investigate whether imports of critical minerals, rare earth elements, processed critical minerals, and derivative products pose a threat to US national security under Section 232 of the Trade Expansion Act of 1962. See also: Federal Register notice.",Fact Sheet: President Donald J. Trump Ensures National Security and Economic Resilience Through Section 232 Actions on Processed Critical Minerals and Derivative Products ,"Ensuring National Security and Economic Resilience Through Section 232 Actions on Processed Critical Minerals and Derivative Products
","Ensuring National Security and Economic Resilience Through Section 232 Actions on Processed Critical Minerals and Derivative Products
",,,,,,
14-Apr-25,World,Semiconductors ,Semiconductor and semiconductor manufacturing equipment imports as a national security threat: The Commerce Department files a Federal Register notice indicating the secretary of commerce initiated an investigation on April 1 into whether imports of semiconductors and semiconductor manufacturing equipment pose a threat to US national security under Section 232 of the Trade Expansion Act of 1962.,National Security Investigation of Imports of Semiconductors and Semiconductor Manufacturing Equipment ,,,,,,,,
14-Apr-25,World,Pharmaceuticals,Pharmaceutical and pharmaceutical ingredient imports as a national security threat: The Commerce Department files a Federal Register notice indicating the secretary of commerce initiated an investigation on April 1 into whether imports of pharmaceuticals and pharmaceutical ingredients pose a threat to US national security under Section 232 of the Trade Expansion Act of 1962. ,National Security Investigation of Imports of Pharmaceuticals and Pharmaceutical Ingredients ,,,,,,,,
12-Apr-25,China,Trade Deficits,"China’s tariff changes go into effect: China’s sudden tariff changes announced April 11 go into effect.
",,,,,,,,,
,,Retaliation,,,,,,,,,,
11-Apr-25,World,Trade Deficits,"Smartphones and other consumer electronics containing semiconductors exempted from some tariffs: The White House issues a presidential memorandum) clarifying a list of products that contain semiconductors, including smartphones and other consumer electronics, that will not be subject to the tariffs associated with the April 2 executive order invoking IEEPA (modified on April 8 and 9).","Clarification of Exceptions Under Executive Order 14257 of April 2, 2025, as Amended ",,,,,,,,
11-Apr-25,China,Trade Deficits,"China retaliates: China announces additional tariffs in response to US tariffs announced on April 9, so that its most recent combination of retaliatory tariffs matches the total amount of new US additional tariffs of 125 percent. New tariffs go into effect on April 12.",国务院关税税则委员会关于调整对原产于美国的进口商品加征关税措施的公告 ,,,,,,,,
,,Retaliation,,,,,,,,,,
10-Apr-25,European Union,Aluminum,EU pauses retaliation: European Commission president Ursula von der Leyen issued a statement putting on hold the countermeasures announced April 9 for 90 days.,Statement by President von der Leyen ,,,,,,,,
,,Steel,,,,,,,,,,
,,Retaliation,,,,,,,,,,
10-Apr-25,World,Trade Deficits,"Tariff changes go into effect: US sudden tariff changes announced April 9 go into effect.
",,,,,,,,,
10-Apr-25,China,Trade Deficits,"China’s tariff retaliation goes into effect: In response to the additional US tariffs of April 2 and April 8, China’s retaliatory tariffs announced on April 4 and announced on April 9 go into effect.

Read more on US-China tariff rates at PIIE.com.",国务院关税税则委员会关于对原产于美国的进口商品加征关税的公告 ,"国务院关税税则委员会关于调整对原产于美国的进口商品加征关税措施的公告
","US-China Trade War Tariffs: An Up-to-Date Chart
",,,,,,
,,Retaliation,,,,,,,,,,
9-Apr-25,World,Cranes,"Restoring Maritime Dominance: The White House issues an executive order to revitalize and rebuild the domestic maritime industries and workforce to promote national security and economic prosperity. The executive order highlights potential measures such as fees on Chinese ships, tariffs on ship-to-shore cranes made in China, tariffs on other cargo-handling equipment, alignment of trade policies with partners and allies, and financial incentives for domestic shipbuilding. Federal Register notice.",RESTORING AMERICA’S MARITIME DOMINANCE ,Restoring America's Maritime Dominance ,,,,,,,
,,Shipbuilding,,,,,,,,,,
9-Apr-25,World,Trade Deficits,"Differential tariffs to be paused for 90 days; additional tariff increase for China: After the tariffs have been in effect, President Trump posts on Truth Social that differential tariffs on trade surplus countries announced April 2 will be paused for 90 days. However, the 10 percent tariffs on nearly all countries will remain in effect. Because it retaliated, China will now also face a higher tariff of 125 percent, and not the combined 84 percent of the April 2 and April 8 executive orders. Further amended are the duty rates of the separate executive order of April 2 ending de minimis shipments from China effective May 2.


Note: Executive order indicating these would be tariffs under the International Emergency Economic Powers Act (IEEPA) was only published on April 10 and the changes did not go into effect until April 10.",Truth Social post,Modifying Reciprocal Tariff Rates To Reflect Trading Partner Retaliation and Alignment ,,,,,,,
9-Apr-25,European Union,Aluminum,"EU confirms retaliation: EU member states vote and agree to retaliatory tariffs on the US worth €22 billion for the US steel and aluminium tariffs of March 12. Some tariffs will enter into force on April 15, some on May 15, and others in the fall.","Commission proposal to impose trade countermeasures against US obtains necessary support from EU Member States
",,,,,,,,
,,Steel,,,,,,,,,,
,,Retaliation,,,,,,,,,,
9-Apr-25,China,Trade Deficits,"China retaliates: China announces additional 50 percent tariffs in response to US tariffs announced on April 8, so that its most recent combination of retaliation tariffs match the new US additional tariffs of 84 percent. New tariffs go into effect on April 10. China also announces the addition of 6 US companies to the unreliable entity list and export controls on 12 companies.
",国务院关税税则委员会关于调整对原产于美国的进口商品加征关税措施的公告 ,不可靠实体清单工作机制关于将护盾人工智能公司等6家美国企业列入不可靠实体清单的公告 ,商务部公告2025年第22号 公布将12家美国实体列入出口管制管控名单 ,,,,,,
,,Retaliation,,,,,,,,,,
9-Apr-25,Canada,Autos,Canada tariff retaliation for US auto tariffs goes into effect: Canadian retaliation of 25 percent tariffs on USMCA non-compliant vehicles and non-Canadian and non-Mexican content in USMCA compliant vehicles announced April 3 enters into force. See product list.,"Canada announces entry into force of countermeasures against auto imports from the United States
","List of vehicle products from the United States subject to 25 per cent tariffs effective April 9, 2025
",,,,,,,
,,Retaliation,,,,,,,,,,
9-Apr-25,World,Trade Deficits,"Differential tariffs on nearly all countries go into effect: The US imposes an additional country-specific tariff, ranging from 1 percent to 74 percent, on imports from nearly all countries that have a goods trade surplus with the United States, as announced April 2 and amended on April 8. See also: Federal Register notice.

Hear more on what happened on Trade Talks.","Regulating Imports With a Reciprocal Tariff To Rectify Trade Practices That Contribute to Large and Persistent Annual United States Goods Trade Deficits
",What happened on Trump’s tariff day (Episode 207),,,,,,,
8-Apr-25,China,Trade Deficits,Additional 50 percent tariffs on China for retaliating: The White House amends the April 2 executive order to counter-retaliate by imposing an additional 50 percent tariff on imports from China because of China’s 34 percent tariff retaliation announced April 4. This brings the total US tariff increase on imports from China associated with the original April 2 announcement to 84 percent (with sectoral carve-outs) in addition to the 20 percent (no sectoral carve-outs) of February 4 and March 4. The executive order also amends the duty rates of the separate executive order of April 2 ending de minimis shipments from China effective May 2.,Amendment to Reciprocal Tariffs and Updated Duties as Applied to Low-Value Imports From the People's Republic of China  ,,,,,,,,
,,Retaliation,,,,,,,,,,
5-Apr-25,World,Trade Deficits,"Tariffs of 10 percent on nearly all countries go into effect: The US imposes 10 percent tariffs on imports from nearly all countries as announced April 2. See also: Federal Register notice.

Hear more on what happened on Trade Talks.",Regulating Imports With a Reciprocal Tariff To Rectify Trade Practices That Contribute to Large and Persistent Annual United States Goods Trade Deficits ,What happened on Trump’s tariff day (Episode 207),,,,,,,
4-Apr-25,China,Trade Deficits,"China retaliates: China announces 34 percent tariffs in response to US tariffs announced on April 2. Chinese tariffs take effect on April 10. China also announces new export controls on samarium, gadolinium, terbium, dysprosium, lutetium, scandium, and yttrium; an antidumping investigation into US medical CT X-ray tubes; the addition of 11 US companies to the unreliable entity list; export controls on 15 companies; and a ban on imports of Illumina's gene sequencers.
",国务院关税税则委员会关于对原产于美国的进口商品加征关税的公告 ,"商务部 海关总署公告2025年第18号 公布对部分中重稀土相关物项实施出口管制的决定
","商务部公告2025年第20号 公布对原产于美国、印度的进口相关医用CT球管发起反倾销立案调查
",不可靠实体清单工作机制关于将斯凯迪奥公司等11家美国企业列入不可靠实体清单的公告 ,商务部公告2025年第21号 公布将16家美国实体列入出口管制管控名单 ,"不可靠实体清单工作机制关于对美国因美纳公司采取不可靠实体清单处理措施的公告
",,,
,,Retaliation,,,,,,,,,,
3-Apr-25,Canada,Autos,"Canada announces new countermeasures in response to US tariffs on autos: Prime Minister Mark Carney announces 25 percent tariffs on non-USMCA compliant vehicles imports from the US, 25 percent tariffs on non-Canadian and non-Mexican content of USMCA compliant vehicles imports from the US, and intention to incentivize auto production and investment in Canada.",Canada announces new countermeasures in response to tariffs from the United States of America ,,,,,,,,
,,Retaliation,,,,,,,,,,
3-Apr-25,World,,Report to President on America First Trade Policy: The White House releases an executive summary outlining elements of the full America First Trade Policy Report (which is non-public) delivered to the president as directed by his January 20 memorandum.,"Report to the President on the America First Trade Policy
Executive Summary",,,,,,,,
3-Apr-25,World,Autos,"Tariffs on automobiles but not parts go into effect: The 25 percent tariffs on automobiles announced on March 26 and imposed under Section 232 of the Trade Expansion Act of 1962 go into effect. The tariffs on automobile parts are delayed to a future date not later than May 3, 2025. See also Federal Register notice.",Adjusting Imports of Automobiles and Automobile Parts Into the United States,,,,,,,,
2-Apr-25,China,Fentanyl and Immigration,"Duty-free packages from China to end May 2: The US issues a fact sheet and amends the February 1 and February 5 executive orders to end duty-free treatment of low-value shipments from China as of May 2, 2025. New duty rates are also described in the executive order.",Fact Sheet: President Donald J. Trump Closes De Minimis Exemptions to Combat China’s Role in America’s Synthetic Opioid Crisis,Further Amendment to Duties Addressing the Synthetic Opioid Supply Chain in the People’s Republic of China as Applied to Low-Value Imports,,,,,,,
2-Apr-25,World,Trade Deficits,"Tariffs on nearly all countries for their trade surpluses: The White House issues an executive order and fact sheet declaring a national emergency and invoking the International Emergency Economic Powers Act (IEEPA) to impose a baseline 10 percent tariff starting April 5, 2025, on virtually all countries and then additional “reciprocal” tariffs starting April 9, 2025 on countries that contribute to large, persistent US trade deficits. USTR also releases an explanation seeking to justify their controversial methodological approach used to calculate the country-specific tariffs of the baseline rate of 10 percent. Hear more on what happened on Trade Talks. ","Regulating Imports With a Reciprocal Tariff To Rectify Trade Practices That Contribute to Large and Persistent Annual United States Goods Trade Deficits
","Fact Sheet: President Donald J. Trump Declares National Emergency to Increase our Competitive Edge, Protect our Sovereignty, and Strengthen our National and Economic Security",Reciprocal Tariff Calculations,What happened on Trump’s tariff day (Episode 207),,,,,
26-Mar-25,World,Autos,"Tariffs on automobiles and automobile parts: The White House issues a proclamation and fact sheet invoking Section 232 of the Trade Expansion Act of 1962 to impose 25 percent tariffs on automobiles and certain automobile parts, such as engines, transmissions, powertrain parts, and electrical components on April 3, 2025. Also announced are special tariff exemptions for USMCA-compliant auto parts as well as for the value of US content embedded in autos imported under USMCA. (Note: The proclamation refers to a May 2019 proclamation issued during the first Trump administration in which the president concurred with the Commerce’s secretary’s finding that imported autos and parts were a threat to national security.)  ","ADJUSTING IMPORTS OF AUTOMOBILES AND AUTOMOBILE
PARTS INTO THE UNITED STATES","Fact Sheet: President Donald J. Trump Adjusts Imports of Automobiles and Automobile Parts into the United States
","Adjusting Imports of Automobiles and Automobile Parts Into the United States
",,,,,,
,,Auto parts,,,,,,,,,,
25-Mar-25,World ,Venezuela sanctions,"Secondary tariffs on third countries importing Venezuelan oil: The White House issues an executive order that extends earlier sanctions on Venezuela by indicating that, as of April 2, 2025, the exports to the United States from any third country found importing oil from Venezuela will be subject to a 25 percent US import tariff under the International Emergency Economic Powers Act (IEEPA).",Imposing Tariffs on Countries Importing Venezuelan Oil ,,,,,,,,
20-Mar-25,World,Critical minerals,Increasing critical minerals production in the United States: The White House issues an executive order seeking to encourage additional mining and processing of critical minerals in the United States (Federal Register notice).,Immediate Measures to Increase American Mineral Production ,Immediate Measures To Increase American Mineral Production ,,,,,,,
12-Mar-25,Canada,Aluminum,"Canada retaliates against US steel and aluminum tariffs: Canada announces plans to retaliate on March 13, 2025, by imposing 25 percent tariffs on a list of US goods totaling C$29.8 billion, including C$12.6 billion worth of steel products, C$3 billion worth of aluminum products, and other US goods worth C$14.2 billion, including tools, computers and servers, display monitors, sport equipment, and cast-iron products.",Canada responds to unjustified U.S. tariffs on Canadian steel and aluminum products ,"List of products from the United States subject to 25 per cent tariffs effective March 13, 2025 ",,,,,,,
,,Steel,,,,,,,,,,
,,Retaliation,,,,,,,,,,
12-Mar-25,European Union,Aluminum,"EU retaliates against US steel and aluminum tariffs: The European Commission announces in a press release and fact sheet its two-part retaliation for the US tariffs that went into effect on March 12. One part restores the EU’s “rebalancing” tariff packages (from 2018 and 2020) that will go into effect April 1, 2025. A second part will eventually impose additional countermeasures on approximately €18 billion worth of US goods exports.

Hear more on the EU on Trade Talks.",Commission responds to unjustified US steel and aluminium tariffs with countermeasures * ,EU countermeasures on US steel and aluminium tariffs explained ,Is Europe ready for Trump? (Episode 204),,,,,,
,,Steel,,,,,,,,,,
,,Retaliation,,,,,,,,,,
12-Mar-25,World,Aluminum,"Tariffs on steel and aluminum go into effect: US tariffs of 25 percent on imports of steel, aluminum, and derivative products announced on February 10 go into effect. See also: Steel Federal Register notice, Aluminum Federal Register notice, Aluminum derivate products Federal Register notice. Despite prior threats that Ontario, Canada would retaliate with a 25 percent tax on energy exports to the US and Trump’s threat to counter-retaliate by doubling the US tariff on Canadian steel from 25 to 50 percent, neither materialize by this point.

Hear more on steel and aluminum on Trade Talks.",Adjusting Imports of Steel Into the United States ,Implementation of Duties on Steel Pursuant to Proclamation 10896 Adjusting Imports of Steel Into the United States ,Adjusting Imports of Aluminum Into the United States ,"Implementation of Duties on Aluminum Pursuant to Proclamation 10895 Adjusting Imports of Aluminum Into the United States
","Ontario Applies 25 Per Cent Surcharge on Electricity Exports to United States
",Truth Social post,"Trump’s steel and aluminum tariffs are back (Episode 202)
",,
,,Steel,,,,,,,,,,
10-Mar-25,China,Fentanyl and Immigration,"China’s tariff retaliation goes into effect: In response to the additional US tariffs of March 4, China’s announced retaliatory tariffs of March 4 go into effect.",国务院关税税则委员会关于对原产于美国的部分进口商品加征关税的公告 ,,,,,,,,
,,Retaliation,,,,,,,,,,
6-Mar-25,Mexico,Fentanyl and Immigration,US exempts imports from Mexico satisfying USMCA rules of origin requirements: The White House issues a fact sheet and executive order amending the March 4 tariffs to exempt imports from Mexico satisfying USMCA rules of origin requirements and to lower the tariff on potash to 10 percent.,Fact Sheet: President Donald J. Trump Adjusts Tariffs on Canada and Mexico to Minimize Disruption to the Automotive Industry,AMENDMENT TO DUTIES TO ADDRESS THE FLOW OF ILLICIT DRUGS ACROSS OUR SOUTHERN BORDER,"Notice of Implementation of Additional Duties on Products of Mexico Pursuant to the President's Executive Order 14194, Imposing Duties To Address the Situation at Our Southern Border
","Amendment to Notice of Implementation of Additional Duties on Products of Mexico Pursuant to the President's Executive Order 14194, Imposing Duties To Address the Situation at Our Southern Border
",,,,,
6-Mar-25,Canada,Fentanyl and Immigration,US exempts imports from Canada satisfying USMCA rules of origin requirements: The White House issues a fact sheet and executive order amending the March 4 tariffs to exempt imports from Canada satisfying USMCA rules of origin requirements and to lower the tariff on potash to 10 percent.,Fact Sheet: President Donald J. Trump Adjusts Tariffs on Canada and Mexico to Minimize Disruption to the Automotive Industry,AMENDMENT TO DUTIES TO ADDRESS THE FLOW OF ILLICIT DRUGS ACROSS OUR NORTHERN BORDER,"Notice of Implementation of Additional Duties on Products of Canada Pursuant to the President's Executive Order 14193, Imposing Duties To Address the Flow of Illicit Drugs Across Our Northern Border
","Amendment to Duties To Address the Flow of Illicit Drugs Across Our Northern Border
",,,,,
4-Mar-25,China,Fentanyl and Immigration,"China retaliates: Tariffs on US farm exports, export controls, sanctions, antidumping investigation, and more: In response to the additional US tariffs of March 4, China announces new tariffs will go into effect on March 10 on US farm exports, including soybeans, chicken, wheat, corn, and cotton products, as well as sorghum, pork, beef, seafood, fruits, vegetables, and dairy products. China also announces an antidumping investigation into US optical-fiber products, 10 US companies being added to the unreliable entity list, 15 companies facing export controls, and a ban on imports of Illumina's gene sequencers.",国务院关税税则委员会关于对原产于美国的部分进口商品加征关税的公告 ,商务部公告2025年第14号 公布对原产于美国的进口相关截止波长位移单模光纤发起反规避调查 ,"不可靠实体清单工作机制关于将特科姆公司等10家美国企业列入不可靠实体清单的公告
","商务部公告2025年第13号 公布将15家美国实体列入出口管制管控名单
","不可靠实体清单工作机制关于对美国因美纳公司采取不可靠实体清单处理措施的公告
",,,,
,,Retaliation,,,,,,,,,,
4-Mar-25,Canada,Fentanyl and Immigration,"Canada retaliates on US farm exports and more: Canada announces plans to retaliate by imposing 25 percent tariffs on C$155 billion worth of imported goods from the United States. Going into immediate effect are tariffs on goods worth C$30 billion, including orange juice, peanut butter, wine, spirits, beer, coffee, appliances, apparel, footwear, motorcycles, cosmetics, and certain pulp and paper products.",Canada announces robust tariff package in response to unjustified U.S. tariffs ,"List of products from the United States subject to 25 per cent tariffs effective March 4, 2025 ",,,,,,,
,,Retaliation,,,,,,,,,,
4-Mar-25,China,Fentanyl and Immigration,Higher tariffs go into effect on China: The White House issues an executive order amending the executive order of February 1 by raising the new tariffs on all imports from China from 10 percent to 20 percent.,FURTHER AMENDMENT TO DUTIES ADDRESSING THE SYNTHETIC OPIOID SUPPLY CHAIN IN THE PEOPLE’S REPUBLIC OF CHINA,"Further Amended Notice of Implementation of Additional Duties on Products of the People's Republic of China Pursuant to the President's Executive Order 14195, Imposing Duties To Address the Synthetic Opioid Supply Chain in the People's Republic of China
",,,,,,,
4-Mar-25,Mexico,Fentanyl and Immigration,US tariffs go into effect on Mexico: The White House issues a fact sheet announcing that President Trump is ending the 30-day pause on the February 1 executive order by imposing 25 percent tariffs on all imports from Mexico.,Fact Sheet: President Donald J. Trump Proceeds with Tariffs on Imports from Canada and Mexico,,,,,,,,
4-Mar-25,Canada,Fentanyl and Immigration,US tariffs go into effect on Canada: The White House issues a fact sheet announcing that President Trump is ending the 30-day pause on the February 1 executive order by imposing 10 percent tariffs on imports of Canadian oil and energy products and 25 percent tariffs on the remainder of imports from Canada.,Fact Sheet: President Donald J. Trump Proceeds with Tariffs on Imports from Canada and Mexico,,,,,,,,
1-Mar-25,World,Lumber,"Timber and lumber imports as a national security threat: The White House issues an executive order requesting the Department of Commerce conduct an investigation into whether imports of timber and lumber pose a threat to US national security under Section 232 of the Trade Expansion Act of 1962. In a separate executive order, the White House direct the Department of Interior and Department of Agriculture to issue new regulatory guidance for expanded domestic timber production.","Addressing The Threat To National Security from Imports of Timber, Lumber",Immediate Expansion of American Timber Production ,Immediate Expansion of American Timber Production ,,,,,,
25-Feb-25,World,Copper,Copper imports as a national security threat: The White House issues a fact sheet and executive order requesting the Department of Commerce conduct an investigation into whether imports of copper pose a threat to US national security under Section 232 of the Trade Expansion Act of 1962. (Federal Register notice),Fact Sheet: President Donald J. Trump Addresses the Threat to National Security from Imports of Copper,"ADDRESSING THE THREAT TO NATIONAL
SECURITY FROM IMPORTS OF COPPER",Copper Statistics and Information,"Addressing the Threat to National Security From Imports of Copper
",,,,,
21-Feb-25,Austria,,"Defending American Companies and Innovators From Overseas Extortion and Unfair Fines and Penalties Memorandum: The White House releases a memorandum and fact sheet articulating concerns with foreign treatment of US digital companies, especially by the European Union, and requesting the US Trade Representative to re-examine any digital services taxes (DSTs) of Austria, France, Italy, Spain, Turkey, and the United Kingdom under Section 301 of the Trade Act of 1974 and consider a formal USMCA dispute against Canada.",Defending American Companies and Innovators From Overseas Extortion and Unfair Fines and Penalties,Fact Sheet: President Donald J. Trump Issues Directive to Prevent the Unfair Exploitation of American Innovation,"Defending American Companies and Innovators From Overseas Extortion and Unfair Fines and Penalties
",,,,,,
,Canada,,,,,,,,,,,
,European Union,,,,,,,,,,,
,France,,,,,,,,,,,
,Italy,,,,,,,,,,,
,Spain ,,,,,,,,,,,
,Turkey ,,,,,,,,,,,
,UK,,,,,,,,,,,
21-Feb-25,China,,"America First Investment Policy Memorandum: The White House releases a memorandum and fact sheet on the administration’s policy toward inbound foreign direct investment, especially from adversaries such as China, that includea “fast track” policy for investment from specified partners and allies.",America First Investment Policy,Fact Sheet: President Donald J. Trump Encourages Foreign Investment While Protecting National Security,,,,,,,
,World,,,,,,,,,,,
13-Feb-25,World,,"Reciprocal Trade and Tariffs Memorandum: The White House releases a memorandum, fact sheet, and statement defining the problem and outlining the Trump administration’s plan to counter nonreciprocal trading arrangements.",Reciprocal Trade and Tariffs,Fact Sheet: President Donald J. Trump Announces “Fair and Reciprocal Plan” on Trade,"President Trump Demands Fair, Reciprocal Trade",,,,,,
10-Feb-25,World,Aluminum,"Tariffs on steel and aluminum: Trump issues one proclamation imposing 25 percent import tariffs on steel and a separate proclamation imposing 25 percent tariffs on aluminum as of March 12, 2025, adjusting the Section 232 tariffs on those metals first imposed in March 2018. (The aluminum proclamation is dated February 11. See also: White House fact sheet, Steel Federal Register notice, Aluminum Federal Register notice). Hear more on steel and aluminum on Trade Talks.",Adjusting Imports of Steel into The United States,Adjusting Imports of Steel into The United States,Fact Sheet: President Donald J. Trump Restores Section 232 Tariffs,Adjusting Imports of Steel Into the United States,Adjusting Imports of Aluminum Into the United States,Trump’s steel and aluminum tariffs are back (Episode 202),,,
,,Steel,,,,,,,,,,
10-Feb-25,China,Fentanyl and Immigration,"China’s tariff retaliation goes into effect: In response to the additional US tariffs of February 4, China’s announcedretaliatory tariffs of February 4 go into effect.","国务院关税税则委员会关于对原产于美国的
部分进口商品加征关税的公告",,,,,,,,
,,Retaliation,,,,,,,,,,
5-Feb-25,China,Fentanyl and Immigration,Duty-free packages from China restored: The US amends the February 1 executive order to temporarily restore duty-free treatment of low-value shipments from China (Federal Register notice). De minimis amendments for Canada and Mexico later arrive on March 2.,AMENDMENT TO DUTIES ADDRESSING THE SYNTHETIC OPIOID SUPPLY CHAIN IN THE PEOPLE’S REPUBLIC OF CHINA,Amendment to Duties Addressing the Synthetic Opioid Supply Chain in the People's Republic of China,"Amendment to Duties to Address the Flow of Illicit Drugs across our Northern Border
","Amendment to Duties to Address the Situation at our Southern Border
",,,,,
4-Feb-25,China,Fentanyl and Immigration,"China retaliates: China announces tariffs, export controls, and unreliable entity designations, and threatens new antitrust investigations into Google in response to US tariffs imposed on February 4. Chinese tariffs take effect on February 10.","国务院关税税则委员会关于对原产于美国的
部分进口商品加征关税的公告","商务部 海关总署公告2025年第10号
公布对钨、碲、铋、钼、铟相关物项
实施出口管制的决定",不可靠实体清单工作机制关于将美国PVH集团和因美纳公司列入不可靠实体清单的公告,"谷歌公司涉嫌违反反垄断法
市场监管总局依法决定立案调查",,,,,
,,Retaliation,,,,,,,,,,
4-Feb-25,China,Fentanyl and Immigration,"Tariffs on China go into effect, end of duty-free packages from China: The US imposes 10 percent tariffs on imports from China announced February 1. The US also ends de minimis treatment of low-value packages from China receiving zero tariffs. See also: Federal Register notice 1 and .notice 2. Hear more on de minimis on Trade Talks",Imposing Duties to Address the Synthetic Opioid Supply Chain in the People’s Republic of China,"Implementation of Additional Duties on Products of the People's Republic of China Pursuant to the President's February 1, 2025 Executive Order Imposing Duties To Address the Synthetic Opioid Supply Chain in the People's Republic of China",Imposing Duties To Address the Synthetic Opioid Supply Chain in the People's Republic of China,"What if Trump halts duty-free packages from China?
(Episode 203)",,,,,
3-Feb-25,Canada,Fentanyl and Immigration,"Tariffs on Canada on hold: Canada’s Trudeau posts on X that the tariffs are on hold for 30 days, as Canada implements its plan to secure the northern border to address fentanyl trafficking. The White House confirms in an executive order.",X Post,Progress on the Situation at Our Northern Border,,,,,,,
3-Feb-25,Mexico,Fentanyl and Immigration,Tariffs on Mexico on hold: Mexico’s Sheinbaum posts on X that US tariffs are on hold for one month after Mexico agrees to send more National Guard members to the southwest border and the US agrees to work on reducing weapons shipments to Mexico. The White House confirms in an executive order.,X Post,Progress on the Situation At Our Southern Border,,,,,,,
1-Feb-25,Canada,Fentanyl and Immigration,"Canada announces retaliation: Canada announces two rounds of tariffs, including those imposed immediately following the US tariffs, targeting US exports including orange juice, peanut butter, wine, spirits, beer, coffee, appliances, apparel, footwear, motorcycles, cosmetics, and pulp and paper.",Canada announces $155B tariff package in response to unjustified U.S. tariffs,,,,,,,,
,,Retaliation,,,,,,,,,,
1-Feb-25,Canada,Fentanyl and Immigration,"Tariffs on Canada, Mexico, and China: Trump issues executive orders and a fact sheet announcing tariffs on Canada, Mexico, and China coming February 4. The orders would also end duty-free de minimis treatment of low-value packages from these countries. Hear more on what happened on Trade Talks.","Fact Sheet: President Donald J. Trump Imposes Tariffs on Imports from Canada, Mexico and China","IMPOSING DUTIES TO ADDRESS THE FLOW OF
ILLICIT DRUGS ACROSS OUR NORTHERN BORDER",Imposing Duties to Address the Situation at Our Southern Border,Imposing Duties to Address the Synthetic Opioid Supply Chain in the People’s Republic of China,Trade Talks is back. And so is President Trump. (Episode 201),,,,
,China,,,,,,,,,,,
,Mexico,,,,,,,,,,,
20-Jan-25,,,"America First Trade Policy Memorandum: The White House releases a memorandum outlining trade priorities for the administration, directing departments and agencies to complete studies by April 1, 2025. ",America First Trade Policy,,,,,,,,